{"pop": "population", "p1": "Population 0 To 14", "p1i": "initial population 0 to 14", "d1": "deaths 0 to 14", "m1": "mortality 0 to 14", "m1t": "mortality 0 to 14 table", "mat1": "maturation 14 to 15", "p2": "Population 15 To 44", "p2i": "initial population 15 to 44", "d2": "deaths 15 to 44", "m2": "mortality 15 to 44", "m2t": "mortality 15 to 44 table", "mat2": "maturation 44 to 45", "p3": "Population 45 To 64", "p3i": "initial population 54 to 64", "d3": "deaths 45 to 64", "m3": "mortality 45 to 64", "m3t": "mortality 45 to 64 table", "mat3": "maturation 64 to 65", "p4": "Population 65 Plus", "p4i": "initial population 65 plus", "d4": "deaths 65 plus", "m4": "mortality 65 plus", "m4t": "mortality 65 plus table", "d": "deaths", "cdr": "death rate", "le": "life expectancy", "dynamo_len": "life expectancy normal", "lmf": "lifetime multiplier from food", "lmft": "lifetime multiplier from food table", "hsapc": "health services per capita", "hsapct": "health services per capita table", "ehspc": "effective health services per capita", "hsid": "health services impact delay", "lmhs": "lifetime multiplier from health services", "lmhs1": "lifetime multiplier from health services 1", "lmhs1t": "lifetime multiplier from health services 1 table", "lmhs2": "lifetime multiplier from health services 2", "lmhs2t": "lifetime multiplier from health services 2 table", "fpu": "fraction of population urban", "fput": "fraction of population urban table", "cmi": "crowding multiplier from industry", "cmit": "crowding multiplier from industry table", "lmc": "lifetime multiplier from crowding", "lmp": "lifetime multiplier from persistent pollution", "lmpt": "lifetime multiplier from persistent pollution table", "b": "births", "cbr": "birth rate", "rlt": "reproductive lifetime", "pet": "population equilibrium time", "tf": "total fertility", "mtf": "maximum total fertility", "mtfn": "maximum total fertility normal", "fm": "fecundity multiplier", "fmt": "fecundity multiplier table", "dtf": "desired total fertility", "cmple": "completed multiplier from perceived lifetime", "cmplet": "completed multiplier from perceived lifetime table", "ple": "perceived life expectancy", "lpd": "lifetime perception delay", "dcfs": "desired completed family size", "zpgt": "zero population growth time", "dcfsn": "desired completed family size normal", "sfsn": "social family size normal", "sfsnt": "social family size normal table", "diopc": "delayed industrial output per capita", "sad": "social adjustment delay", "frsn": "family response to social norm", "frsnt": "family response to social norm table", "fie": "family income expectation", "aiopc": "average industrial output per capita", "ieat": "income expectation averaging time", "nfc": "need for fertility control", "fce": "fertility control effectiveness", "fcest": "fertility control effectiveness time", "fcet": "fertility control effectiveness table", "fcfpc": "fertility control facilities per capita", "fcapc": "fertility control allocation per capita", "fsafc": "fraction services allocated to fertility control", "fsafct": "fraction services allocated to fertility control table", "iopc": "industrial output per capita", "io": "industrial output", "icor": "industrial capital output ratio", "icor1": "industrial capital output ratio 1", "icor2": "industrial capital output ratio 2", "icormrrct": "industrial capital output ratio multiplier from resource conservation technology", "icormrrctt": "industrial capital output ratio multiplier from resource table", "icormlyt": "industrial capital output ratio multiplier from land yield technology", "icormlytt": "industrial capital output ratio multiplier table", "icormpt": "industrial capital output ratio multiplier from pollution technology", "icormptt": "industrial capital output ratio multiplier from pollution table", "ic": "Industrial Capital", "ici": "initial industrial capital", "icdr": "industrial capital depreciation", "alic": "average life of industrial capital", "alic1": "average life of industrial capital 1", "alic2": "average life of industrial capital 2", "icir": "industrial capital investment", "fioai": "fraction of industrial output allocated to investment", "fioac": "fraction of industrial output allocated to consumption", "iet": "industrial equilibrium time", "fioacc": "fraction of industrial output allocated to consumption constant", "fioac1": "fraction of industrial output allocated to consumption constant 1", "fioac2": "fraction of industrial output allocated to consumption constant 2", "fioacv": "fraction of industrial output allocated to consumption variable", "fioacvt": "fraction of industrial output allocated to consumption variable table", "iopcd": "industrial output per capita desired", "isopc": "indicated services output per capita", "isopc1": "indicated services output per capita 1", "isopc1t": "indicated services output per capita table 1", "isopc2": "indicated services output per capita 2", "isopc2t": "indicated services output per capita table 2", "fioas": "fraction of industrial output allocated to services", "fioas1": "fraction of industrial output allocated to services 1", "fioas1t": "fraction of industrial output allocated to services table 1", "fioas2": "fraction of industrial output allocated to services 2", "fioas2t": "fraction of industrial output allocated to services table 2", "scir": "service capital investment", "sc": "Service Capital", "sci": "initial service capital", "scdr": "service capital depreciation", "alsc": "average life of service capital", "alsc1": "average life of service capital 1", "alsc2": "average life of service capital 2", "so": "service output", "sopc": "service output per capita", "scor": "service capital output ratio", "scor1": "service capital output ratio 1", "scor2": "service capital output ratio 2", "j": "jobs", "pjis": "potential jobs industrial sector", "jpicu": "jobs per industrial capital unit", "jpicut": "jobs per industrial capital unit table", "pjss": "potential jobs service sector", "jpscu": "jobs per service capital unit", "jpscut": "jobs per service capital unit table", "pjas": "potential jobs agricultural sector", "jph": "jobs per hectare", "jpht": "jobs per hectare table", "lf": "labor force", "lfpf": "labor force participation fraction", "luf": "labor utilization fraction", "lufd": "Delayed Labor Utilization Fraction", "lufdt": "labor utilization fraction delay time", "cuf": "capacity utilization fraction", "cuft": "capacity utilization fraction table", "lfc": "land fr cult", "palt": "potentially arable land total", "al": "Arable Land", "ali": "initial arable land", "pal": "Potentially Arable Land", "pali": "initial potentially arable land", "f": "food", "lfh": "land fraction harvested", "pl": "processing loss", "fpc": "food per capita", "ifpc": "indicated food per capita", "ifpc1": "indicated food per capita 1", "ifpc1t": "indicated food per capita table 1", "ifpc2": "indicated food per capita 2", "ifpc2t": "indicated food per capita table 2", "tai": "total agricultural investment", "fioaa": "fraction of industrial output allocated to agriculture", "fioaa1": "fraction of industrial output allocated to agriculture 1", "fioaa1t": "fraction industrial output allocated to agriculture table 1", "fioaa2": "fraction of industrial output allocated to agriculture 2", "fioaa2t": "fraction industrial output allocated to agriculture table 2", "ldr": "land development rate", "dcph": "development cost per hectare", "dcpht": "development cost per hectare table", "cai": "current agricultural inputs", "ai": "Agricultural Inputs", "alai": "average life agricultural inputs", "alai1": "average life of agricultural inputs 1", "alai2": "average life of agricultural inputs 2", "aiph": "agricultural input per hectare", "lymc": "land yield multiplier from capital", "lymct": "land yield multiplier from capital table", "ly": "land yield", "lymt": "land yield multiplier from technology", "lyf1": "land yield factor 1", "lyf2": "land yield factor 2", "lyt": "Land Yield Technology", "lytcr": "land yield technology change rate", "lytcrm": "land yield technology change rate multiplier", "lytcrmt": "land yield technology change rate multiplier table", "drf": "desired food ratio", "lymap": "land yield multiplier from air pollution", "appyear": "air pollution policy implementation time", "lymap1": "land yield multipler from air pollution 1", "lymap1t": "land yield multipler from air pollution table 1", "lymap2": "land yield multiplier from air pollution 2", "lymap2t": "land yield multipler from air pollution table 2", "io70": "IND OUT IN 1970", "fiald": "fraction of agricultural inputs allocated to land development", "fialdt": "fraction of agricultural inputs allocated to land development table", "mpld": "marginal productivity of land development", "sd": "social discount", "mpai": "marginal productivity of agricultural inputs", "mlymc": "marginal land yield multiplier from capital", "mlymct": "marginal land yield multiplier from capital table", "dynamo_all": "average life of land", "alln": "average life of land normal", "llmy": "land life multiplier from land yield", "llmy1": "land life multiplier from land yield 1", "llmy1t": "land life multiplier from land yield table 1", "llmy2": "land life multiplier from land yield 2", "llmy2t": "land life multiplier from land yield table 2", "ler": "land erosion rate", "uilpc": "urban and industrial land required per capita", "uilpct": "urban and industrial land required per capita table", "uilr": "urban and industrial land required", "lrui": "land removal for urban and industrial use", "uildt": "urban and industrial land development time", "uil": "Urban and Industrial Land", "uili": "initial urban and industrial land", "lfert": "Land Fertility", "lferti": "initial land fertility", "lfdr": "land fertility degredation rate", "lfdrt": "land fertility degredation rate table", "lfd": "land fertility degredation", "lfr": "land fertility regeneration", "ilf": "inherent land fertility", "lfrt": "land fertility regeneration time", "lfrtt": "land fertility regeneration time table", "falm": "fraction of agricultural inputs for land maintenance", "falmt": "fraction of agricultural inputs for land maintenance table", "fr": "food ratio", "sfpc": "subsistence food per capita", "pfr": "Perceived Food Ratio", "fspd": "food shortage perception delay", "nr": "Nonrenewable Resources", "nri": "initial nonrenewable resources", "nrur": "resource usage rate", "nruf": "resource use factor", "nruf1": "resource use factor 1", "nruf2": "resource use fact 2", "rct": "Resource Conservation Technology", "rctcr": "resource technology change rate", "rtcm": "resource technology change rate multiplier", "drur": "desired resource use rate", "rtcmt": "resource technology change mult table", "pcrum": "per capita resource use multiplier", "pcrumt": "per capita resource use mult table", "nrfr": "fraction of resources remaining", "fcaor": "fraction of industrial capital allocated to obtaining resources", "fcaor1": "fraction of capital allocated to obtaining resources 1", "fcaor1t": "fraction of capital allocated to obtaining resources 1 table", "fcaor2": "fraction of capital allocated to obtaining resources 2", "fcaor2t": "fraction of capital allocated to obtaining resources 2 table", "ppgr": "persistent pollution generation rate", "ppgf": "persistent pollution generation factor", "ppgf1": "persistent pollution generation factor 1", "ppgf2": "persistent pollution generation factor 2", "tdd": "technology development delay", "ppt": "Persistent Pollution Technology", "ppti": "Initial persistent pollution technology", "pptcr": "persistent pollution technology change rate", "pptcm": "persistent pollution technology change multiplier", "pptcmt": "persistent pollution technology change mult table", "dppolx": "desired persistent pollution index", "ppgio": "persistent pollution generation industry", "frpm": "fraction of resources from persistent materials", "imef": "industrial material emissions factor", "imti": "industrial material toxicity index", "ppgao": "persistent pollution generation agriculture", "fipm": "fraction of agricultural inputs from persistent materials", "amti": "agricultural material toxicity index", "ppapr": "persistent pollution appearance rate", "pptd": "persistent pollution transmission delay", "ppol": "Persistent Pollution", "ppoli": "initial persistent pollution", "ppolx": "persistent pollution index", "ppol70": "persistent pollution in 1970", "ppasr": "persistent pollution assimilation rate", "ahlm": "assimilation half life multiplier", "ahlmt": "assimilation half life mult table", "ahl": "assimilation half life", "ahl70": "assimilation half life in 1970", "cio": "consumed industrial output", "ciopc": "consumed industrial output per capita", "fao": "fraction of output in agriculture", "fos": "fraction of output in services", "foi": "fraction of output in industry", "llmytm": "land life policy implementation time", "pof": "PRICE OF FOOD", "fcaortm": "fraction of industrial capital allocated to obtaining resources switch time", "plinid": "persistent pollution intensity industry", "resint": "resource use intensity", "thousand": "THOUSAND", "ugdp": "GDP pc unit", "uai": "unit agricultural input", "up": "unit population", "ablgha": "\"Absorption Land (GHA)\"", "ei": "Education Index", "eit": "Education Index LOOKUP", "gdpi": "GDP Index", "gdppc": "GDP per capita", "gdppct": "GDP per capita LOOKUP", "hpgha": "ha per Gha", "hpup": "ha per unit of pollution", "hef": "Human Ecological Footprint", "hwi": "Human Welfare Index", "lei": "Life Expectancy Index", "leit": "Life Expectancy Index LOOKUP", "oy": "one year", "rhgdp": "Ref Hi GDP", "rlgdp": "Ref Lo GDP", "tl": "Total Land", "ulgha": "\"Urban Land (GHA)\"", "algha": "\"Arable Land in Gigahectares (GHA)\"", "pyear": "POLICY YEAR", "initial_time": ""}