{"ugdp": "$/Person/year", "uai": "$/hectare/year", "up": "Person", "ablgha": "Ghectares", "algha": "Ghectares", "ei": "Dmnl", "eit": "Dmnl", "gdpi": "Dmnl", "gdppc": "$/(year*Person)", "gdppct": "$/(year*Person)", "hpgha": "hectare/Ghectare", "hpup": "hectares/(Pollution units/year)", "hef": "Dmnl", "hwi": "Dmnl", "lei": "Dmnl", "leit": "Dmnl", "oy": "year", "rhgdp": "$/(year*Person)", "rlgdp": "$/(year*Person)", "tl": "Ghectares", "ulgha": "Ghectares", "al": "hectare", "ali": "hectare", "dcph": "$/hectare", "dcpht": "$/hectare", "f": "Veg eq kg/year", "fpc": "Veg eq kg/(Person*year)", "ldr": "hectare/year", "lfc": "Dmnl", "lfh": "Dmnl", "fioaa1": "Dmnl", "fioaa1t": "Dmnl", "fioaa2": "Dmnl", "fioaa2t": "Dmnl", "ifpc1": "Veg eq kg/(Person*year)", "ifpc1t": "Veg eq kg/(Person*year)", "ifpc2": "Veg eq kg/(Person*year)", "ifpc2t": "Veg eq kg/(Person*year)", "pal": "hectare", "pali": "hectare", "palt": "hectare", "pl": "Dmnl", "fioaa": "Dmnl", "ifpc": "Veg eq kg/(Person*year)", "tai": "$/year", "ai": "$/year", "alai": "year", "aiph": "$/(year*hectare)", "cai": "$/year", "drf": "Dmnl", "io70": "$/year", "ly": "Veg eq kg/(year*hectare)", "lymc": "Dmnl", "lymct": "Dmnl", "alai1": "year", "alai2": "year", "lyf1": "Dmnl", "lyf2": "Dmnl", "lymap1": "Dmnl", "lymap1t": "Dmnl", "lymap2": "Dmnl", "lymap2t": "Dmnl", "lytcrm": "1/year", "lytcrmt": "1/year", "lymt": "Dmnl", "lymap": "Dmnl", "appyear": "year", "lyt": "Dmnl", "lytcr": "1/year", "dynamo_all": "year", "alln": "year", "ler": "hectare/year", "lrui": "hectare/year", "llmy1": "Dmnl", "llmy1t": "Dmnl", "llmy2": "Dmnl", "llmy2t": "Dmnl", "llmy": "Dmnl", "llmytm": "year", "uildt": "year", "uilpc": "hectare/Person", "uilpct": "hectare/Person", "uilr": "hectare", "uil": "hectare", "uili": "hectare", "lfd": "Veg eq kg/(year*year*hectare)", "lfdr": "1/year", "lfdrt": "1/year", "lfert": "Veg eq kg/(year*hectare)", "lferti": "Veg eq kg/(year*hectare)", "ilf": "Veg eq kg/(year*hectare)", "lfr": "Veg eq kg/(year*year*hectare)", "lfrt": "year", "lfrtt": "year", "pfr": "Dmnl", "fr": "Dmnl", "fspd": "year", "falm": "Dmnl", "falmt": "Dmnl", "sfpc": "Veg eq kg/(Person*year)", "fiald": "Dmnl", "fialdt": "Dmnl", "mlymc": "hectare/$", "mlymct": "hectare/$", "mpai": "Veg eq kg/$", "mpld": "Veg eq kg/$", "sd": "1/year", "icormrrct": "year", "icormpt": "Dmnl", "icormlyt": "Dmnl", "fioai": "Dmnl", "icdr": "$/year", "icir": "$/year", "icormrrctt": "year", "iopc": "$/(Person*year)", "iopcd": "$/(Person*year)", "ic": "$", "ici": "$", "io": "$/year", "alic1": "year", "alic2": "year", "fioacc": "Dmnl", "fioac1": "Dmnl", "fioac2": "Dmnl", "fioacv": "Dmnl", "fioacvt": "Dmnl", "icor1": "year", "icor2": "year", "icormptt": "Dmnl", "alic": "year", "fioac": "Dmnl", "icor": "year", "iet": "year", "icormlytt": "Dmnl", "lufd": "Dmnl", "cuf": "Dmnl", "cuft": "Dmnl", "j": "Person", "jph": "Person/hectare", "jpht": "Person/hectare", "jpicu": "Person/$", "jpicut": "Person/$", "jpscu": "Person/$", "jpscut": "Person/$", "lf": "Person", "lfpf": "Dmnl", "luf": "Dmnl", "lufdt": "year", "pjas": "Person", "pjis": "Person", "pjss": "Person", "alsc1": "year", "alsc2": "year", "fioas1": "Dmnl", "fioas1t": "Dmnl", "fioas2": "Dmnl", "fioas2t": "Dmnl", "isopc1": "$/(Person*year)", "isopc1t": "$/(Person*year)", "isopc2": "$/(Person*year)", "isopc2t": "$/(Person*year)", "scor1": "year", "scor2": "year", "alsc": "year", "fioas": "Dmnl", "isopc": "$/(Person*year)", "scor": "year", "scdr": "$/year", "scir": "$/year", "sopc": "$/(Person*year)", "sc": "$", "sci": "$", "so": "$/year", "pyear": "year", "amti": "Pollution units/$", "ahl": "year", "ahl70": "year", "ahlm": "Dmnl", "ahlmt": "Dmnl", "dppolx": "Dmnl", "fipm": "Dmnl", "frpm": "Dmnl", "imti": "Pollution units/Resource unit", "imef": "Dmnl", "ppgf1": "Dmnl", "ppgf2": "Dmnl", "pptcm": "1/year", "pptcmt": "1/year", "ppol": "Pollution units", "ppoli": "Pollution units", "ppgio": "Pollution units/year", "ppgao": "Pollution units/year", "ppgr": "Pollution units/year", "ppapr": "Pollution units/year", "ppasr": "Pollution units/year", "ppol70": "Pollution units", "ppolx": "Dmnl", "ppt": "Dmnl", "pptcr": "1/year", "pptd": "year", "ppgf": "Dmnl", "d1": "Person/year", "d2": "Person/year", "d3": "Person/year", "d4": "Person/year", "mat1": "Person/year", "mat2": "Person/year", "mat3": "Person/year", "m3": "1/year", "m3t": "1/year", "m4": "1/year", "m4t": "1/year", "m1": "1/year", "m1t": "1/year", "m2": "1/year", "m2t": "1/year", "p1": "Person", "p1i": "Person", "p2": "Person", "p2i": "Person", "p3": "Person", "p3i": "Person", "p4": "Person", "p4i": "Person", "pop": "Person", "aiopc": "$/(Person*year)", "cbr": "C/year", "b": "Person/year", "cmple": "Dmnl", "cmplet": "Dmnl", "diopc": "$/(Person*year)", "dcfs": "Dmnl", "dcfsn": "Dmnl", "dtf": "Dmnl", "fie": "Dmnl", "frsn": "Dmnl", "frsnt": "Dmnl", "fm": "Dmnl", "fmt": "Dmnl", "fcapc": "$/(Person*year)", "fce": "Dmnl", "fcet": "Dmnl", "fcfpc": "$/(Person*year)", "fsafc": "Dmnl", "fsafct": "Dmnl", "ieat": "year", "lpd": "year", "mtf": "Dmnl", "mtfn": "Dmnl", "nfc": "Dmnl", "ple": "year", "rlt": "year", "sfsn": "Dmnl", "sfsnt": "Dmnl", "sad": "year", "fcest": "year", "pet": "year", "zpgt": "year", "thousand": "C", "tf": "Dmnl", "cmi": "Dmnl", "cmit": "Dmnl", "cdr": "C/year", "d": "Person/year", "ehspc": "$/(Person*year)", "fpu": "Dmnl", "fput": "Dmnl", "hsapc": "$/(Person*year)", "hsapct": "$/(Person*year)", "hsid": "year", "dynamo_len": "year", "le": "year", "lmc": "Dmnl", "lmf": "Dmnl", "lmft": "Dmnl", "lmhs": "Dmnl", "lmhs1": "Dmnl", "lmhs1t": "Dmnl", "lmhs2": "Dmnl", "lmhs2t": "Dmnl", "lmp": "Dmnl", "lmpt": "Dmnl", "drur": "Resource units/year", "nrfr": "Dmnl", "nrur": "Resource units/year", "nri": "Resource units", "nr": "Resource units", "fcaor1": "Dmnl", "fcaor1t": "Dmnl", "fcaor2": "Dmnl", "fcaor2t": "Dmnl", "nruf1": "Dmnl", "nruf2": "Dmnl", "rtcm": "Dmnl/year", "rtcmt": "Dmnl/year", "pcrum": "Resource unit/(Person*year)", "pcrumt": "Resource units/(Person*year)", "rct": "Dmnl", "rctcr": "1/year", "fcaor": "Dmnl", "nruf": "Dmnl", "fcaortm": "year", "tdd": "year", "cio": "$/year", "ciopc": "$/(Person*year)", "fao": "Dmnl", "foi": "Dmnl", "fos": "Dmnl", "plinid": "Pollution units/$", "pof": "$/Veg eq kg", "resint": "Resource units/$", "all": "average life of land", "len": "life expectancy normal", "lufdi": "Dmnl", "initial_time": "Year", "ppti": "Dmnl"}