{"ali": "arable land initial [hectares]. The default is 0.9e9.", "pali": "potentially arable land initial [hectares]. The default is 2.3e9.", "lfh": "land fraction harvested []. The default is 0.7.", "palt": "potentially arable land total [hectares]. The default is 3.2e9.", "pl": "processing loss []. The default is 0.1.", "alai1": "alai, value before time=pyear [years]. The default is 2.", "alai2": "alai, value after time=pyear [years]. The default is 2.", "io70": "industrial output in 1970 [dollars/year]. The default is 7.9e11.", "lyf1": "lyf, value before time=pyear []. The default is 1.", "lyf2": "lyf, value after time=pyear []. The default is 1.", "sd": "social discount [1/year]. The default is 0.07.", "uili": "urban-industrial land initial [hectares]. The default is 8.2e6.", "alln": "average life of land normal [years]. The default is 6000.", "uildt": "urban-industrial land development time [years]. The default is 10.", "lferti": "land fertility initial [vegetable-equivalent kilograms/hectare-year].\nThe default is 600.", "ilf": "inherent land fertility [vegetable-equivalent kilograms/hectare-year].\nThe default is 600.", "fspd": "food shortage perception delay [years]. The default is 2.", "sfpc": "subsistence food per capita\n[vegetable-equivalent kilograms/person-year]. The default is 230.", "al": "arable land [hectares].", "pal": "potentially arable land [hectares].", "dcph": "development cost per hectare [dollars/hectare].", "f": "food [vegetable-equivalent kilograms/year].", "fpc": "food per capita [vegetable-equivalent kilograms/person-year].", "fioaa": "fraction of industrial output allocated to agriculture [].", "fioaa1": "fioaa, value before time=pyear [].", "fioaa2": "fioaa, value after time=pyear [].", "ifpc": "indicated food per capita [vegetable-equivalent kilograms/person-year].", "ifpc1": "ifpc, value before time=pyear\n[vegetable-equivalent kilograms/person-year].", "ifpc2": "ifpc, value after time=pyear\n[vegetable-equivalent kilograms/person-year].", "ldr": "land development rate [hectares/year].", "lfc": "land fraction cultivated [].", "tai": "total agricultural investment [dollars/year].", "ai": "agricultural inputs [dollars/year].", "aiph": "agricultural inputs per hectare [dollars/hectare-year].", "alai": "average lifetime of agricultural inputs [years].", "cai": "current agricultural inputs [dollars/year].", "ly": "land yield [vegetable-equivalent kilograms/hectare-year].", "lyf": "land yield factor [].", "lymap": "land yield multiplier from air pollution [].", "lymap1": "lymap, value before time=pyear [].", "lymap2": "lymap, value after time=pyear [].", "lymc": "land yield multiplier from capital [].", "fiald": "fraction of inputs allocated to land development [].", "mlymc": "marginal land yield multiplier from capital [hectares/dollar].", "mpai": "marginal productivity of agricultural inputs\n[vegetable equivalent kilograms/dollar].", "mpld": "marginal productivity of land development\n[vegetable-equivalent kilograms/dollar].", "uil": "urban-industrial land [hectares].", "all": "average life of land [years].", "llmy": "land life multiplier from yield [].", "llmy1": "llmy, value before time=pyear [].", "llmy2": "llmy, value after time=pyear [].", "ler": "land erosion rate [hectares/year].", "lrui": "land removal for urban-industrial use [hectares/year].", "uilpc": "urban-industrial land per capita [hectares/person].", "uilr": "urban-industrial land required [hectares].", "lfert": "land fertility [vegetable-equivalent kilograms/hectare-year].", "lfd": "land fertility degradation\n[vegetable-equivalent kilograms/hectare-year-year].", "lfdr": "land fertility degradation rate [1/year].", "lfr": "land fertility regeneration\n[vegetable-equivalent kilograms/hectare-year-year].", "lfrt": "land fertility regeneration time [years].", "falm": "fraction of inputs allocated to land maintenance [dimensionless].", "fr": "food ratio [].", "pfr": "perceived food ratio [].", "ici": "industrial capital initial [dollars]. The default is 2.1e11.", "sci": "service capital initial [dollars]. The default is 1.44e11.", "iet": "industrial equilibrium time [years]. The default is 4000.", "iopcd": "industrial output per capita desired [dollars/person-year]. The\ndefault is 400.", "lfpf": "labor force participation fraction []. The default is 0.75.", "lufdt": "labor utilization fraction delay time [years]. The default is 2.", "icor1": "icor, value before time=pyear [years]. The default is 3.", "icor2": "icor, value after time=pyear [years]. The default is 3.", "scor1": "scor, value before time=pyear [years]. The default is 1.", "scor2": "scor, value after time=pyear [years]. The default is 1.", "alic1": "alic, value before time=pyear [years]. The default is 14.", "alic2": "alic, value after time=pyear [years]. The default is 14.", "alsc1": "alsc, value before time=pyear [years]. The default is 20.", "alsc2": "alsc, value after time=pyear [years]. The default is 20.", "fioac1": "fioac, value before time=pyear []. The default is 0.43.", "fioac2": "fioac, value after time=pyear []. The default is 0.43.", "ic": "industrial capital [dollars]. It is a state variable.", "io": "industrial output [dollars/year].", "icdr": "industrial capital depreciation rate [dollars/year].", "icir": "industrial capital investment rate [dollars/year].", "icor": "industrial capital-output ratio [years].", "iopc": "industrial output per capita [dollars/person-year].", "alic": "average lifetime of industrial capital [years].", "fioac": "fraction of industrial output allocated to consumption [].", "fioacc": "fioac constant [].", "fioacv": "fioac variable [].", "fioai": "fraction of industrial output allocated to industry [].", "sc": "service capital [dollars]. It is a state variable.", "so": "service output [dollars/year].", "scdr": "service capital depreciation rate [dollars/year].", "scir": "service capital investment rate [dollars/year].", "scor": "service capital-output ratio [years].", "sopc": "service output per capita [dollars/person-year].", "alsc": "average lifetime of service capital [years].", "isopc": "indicated service output per capita [dollars/person-year].", "isopc1": "isopc, value before time=pyear [dollars/person-year].", "isopc2": "isopc, value after time=pyear [dollars/person-year].", "fioas": "fraction of industrial output allocated to services [].", "fioas1": "fioas, value before time=pyear [].", "fioas2": "fioas, value after time=pyear [].", "j": "jobs [persons].", "jph": "jobs per hectare [persons/hectare].", "jpicu": "jobs per industrial capital unit [persons/dollar].", "jpscu": "jobs per service capital unit [persons/dollar].", "lf": "labor force [persons].", "cuf": "capital utilization fraction [].", "luf": "labor utilization fraction [].", "lufd": "labor utilization fraction delayed [].", "pjas": "potential jobs in agricultural sector [persons].", "pjis": "potential jobs in industrial sector [persons].", "pjss": "potential jobs in service sector [persons].", "ppoli": "persistent pollution initial [pollution units]. The default is 2.5e7.", "ppol70": "persistent pollution in 1970 [pollution units]. The default is 1.36e8.", "ahl70": "assimilation half-life in 1970 [years]. The default is 1.5.", "amti": "agricultural materials toxicity index [pollution units/dollar].The\ndefault is 1.", "imti": "industrial materials toxicity index [pollution units/resource unit].\nThe default is 10.", "imef": "industrial materials emission factor []. The default is 0.1.", "fipm": "fraction of inputs as persistent materials []. The default is 0.001.", "frpm": "fraction of resources as persistent materials []. The default is 0.02.", "ppgf1": "ppgf value before time=pyear []. The default is 1.", "ppgf2": "ppgf value after time=pyear []. The default is 1.", "ppgf21": "DESCRIPTION. The default is 1.", "pptd1": "pptd value before time=pyear [years]. The default is 20.", "pptd2": "pptd value after time=pyear [years]. The default is 20.", "ppol": "persistent pollution [pollution units]. It is a state variable.", "ppolx": "index of persistent pollution [].", "ppgao": "persistent pollution generated by agricultural output\n[pollution units/year].", "ppgio": "persistent pollution generated by industrial output\n[pollution units/year].", "ppgf": "persistent pollution generation factor [].", "ppgr": "persistent pollution generation rate [pollution units/year].", "ppapr": "persistent pollution appearance rate [pollution units/year].", "ppasr": "persistent pollution assimilation rate [pollution units/year].", "pptd": "persistent pollution transmission delay [years].", "ahl": "assimilation half-life [years].", "ahlm": "assimilation half-life multiplier [].", "p1i": "p2 initial [persons]. The default is 65e7.", "p2i": "p2 initial [persons]. The default is 70e7.", "p3i": "p3 initial [persons]. The default is 19e7.", "p4i": "p4 initial [persons]. The default is 6e7.", "dcfsn": "desired completed family size normal []. The default is 4.", "fcest": "fertility control effectiveness set time [year]. The default is 4000.", "hsid": "health services impact delay [years]. The default is 20.", "ieat": "income expectation averaging time [years]. The default is 3.", "len": "life expectancy normal [years]. The default is 28.", "lpd": "lifetime perception delay [years]. The default is 20.", "mtfn": "maximum total fertility normal []. The default is 12.", "pet": "population equilibrium time [year]. The default is 4000.", "rlt": "reproductive lifetime [years]. The default is 30.", "sad": "social adjustment delay [years]. The default is 20.", "zpgt": "time when desired family size equals 2 children [year]. The default is\n4000.", "p1": "population, ages 0-14 [persons]. It is a state variable.", "p2": "population, ages 15-44 [persons]. It is a state variable.", "p3": "population, ages 45-64 [persons]. It is a state variable.", "p4": "population, ages 65+ [persons]. It is a state variable.", "pop": "population [persons].", "mat1": "maturation rate, age 14-15 [persons/year].", "mat2": "maturation rate, age 44-45 [persons/year].", "mat3": "maturation rate, age 64-65 [persons/year].", "d": "deaths per year [persons/year].", "d1": "deaths per year, ages 0-14 [persons/year].", "d2": "deaths per year, ages 15-44 [persons/year].", "d3": "deaths per year, ages 45-64 [persons/year].", "d4": "deaths per year, ages 65+ [persons/year].", "cdr": "crude death rate [deaths/1000 person-years].", "ehspc": "effective health services per capita [dollars/person-year].", "fpu": "fraction of population urban [].", "hsapc": "health services allocations per capita [dollars/person-year].", "le": "life expectancy [years].", "lmc": "lifetime multiplier from crowding [].", "lmf": "lifetime multiplier from food [].", "lmhs": "lifetime multiplier from health services [].", "lmhs1": "lmhs, value before time=pyear [].", "lmhs2": "lmhs, value after time=pyear [].", "lmp": "lifetime multiplier from persistent pollution [].", "m1": "mortality, ages 0-14 [deaths/person-year].", "m2": "mortality, ages 15-44 [deaths/person-year].", "m3": "mortality, ages 45-64 [deaths/person-year].", "m4": "mortality, ages 65+ [deaths/person-year].", "b": "births per year [persons/year].", "aiopc": "average industrial output per capita [dollars/person-year].", "cbr": "crude birth rate [births/1000 person-years].", "cmi": "crowding multiplier from industrialization [].", "cmple": "compensatory multiplier from perceived life expectancy [].", "diopc": "delayed industrial output per capita [dollars/person-year].", "dtf": "desired total fertility [].", "dcfs": "desired completed family size [].", "fcapc": "fertility control allocations per capita [dollars/person-year].", "fce": "fertility control effectiveness [].", "fcfpc": "fertility control facilities per capita [dollars/person-year].", "fie": "family income expectation [].", "fm": "fecundity multiplier [].", "frsn": "family response to social norm [].", "fsafc": "fraction of services allocated to fertility control [].", "mtf": "maximum total fertility [].", "nfc": "need for fertility control [].", "ple": "perceived life expectancy [years].", "sfsn": "social family size norm [].", "tf": "total fertility [].", "nri": "nonrenewable resources initial [resource units]. The default is 1e12.", "nruf1": "nruf value before time=pyear []. The default is 1.", "nruf2": "nruf value after time=pyear []. The default is 1.", "nr": "nonrenewable resources [resource units]. It is a state variable.", "nrfr": "nonrenewable resource fraction remaining [].", "nruf": "nonrenewable resource usage factor [].", "nrur": "nonrenewable resource usage rate [resource units/year].", "pcrum": "per capita resource usage multiplier [resource units/person-year].", "fcaor": "fraction of capital allocated to obtaining resources [].", "fcaor1": "fcaor value before time=pyear [].", "fcaor2": "fcaor value after time=pyear [].", "pyworld3.specials.": "alias of "}